iter	MAE
0	0.01488836788
1	0.01458198927
2	0.01428918117
3	0.01396919026
4	0.01373807668
5	0.0134657251
6	0.01325677043
7	0.01298086647
8	0.01272776247
9	0.01247876579
10	0.01229200742
11	0.01211890193
12	0.0119457731
13	0.01175732196
14	0.01161232689
15	0.01146877386
16	0.01131166312
17	0.01113888882
18	0.01097901313
19	0.01084812118
20	0.01074833937
21	0.01064359588
22	0.01056273474
23	0.01042006085
24	0.01030175747
25	0.01021836942
26	0.0101251582
27	0.01002887345
28	0.009954891093
29	0.009832990736
30	0.009759083139
31	0.009661292658
32	0.009599175098
33	0.009543868658
34	0.009496967298
35	0.009413954508
36	0.009325821745
37	0.009239364314
38	0.009162200833
39	0.009119755832
40	0.009054969768
41	0.008980859473
42	0.008916711203
43	0.008869514679
44	0.008799969793
45	0.008735941757
46	0.008681945355
47	0.008632961533
48	0.008560533789
49	0.008511554787
50	0.008458312313
51	0.008420852032
52	0.008362680014
53	0.008310598075
54	0.008277985463
55	0.008219560751
56	0.008159158816
57	0.00812916446
58	0.008083504679
59	0.008048072387
60	0.008017271076
61	0.007974226332
62	0.007941080246
63	0.007907426531
64	0.007874835208
65	0.007844708272
66	0.007826430146
67	0.007807063456
68	0.00778153931
69	0.007756263097
70	0.007709610882
71	0.007679119499
72	0.007660066846
73	0.007636920704
74	0.007612323741
75	0.007586943579
76	0.007544435631
77	0.007525109348
78	0.007482441387
79	0.007452994794
80	0.007412397968
81	0.007391964632
82	0.00737988666
83	0.007351422604
84	0.007324188391
85	0.0073167573
86	0.007286287129
87	0.007264065385
88	0.007244045742
89	0.007222018087
90	0.00719523299
91	0.007152891507
92	0.00713351331
93	0.007103172354
94	0.007082836063
95	0.0070485937
96	0.00703279811
97	0.007013159097
98	0.00699020844
99	0.006966054576
100	0.006942079411
101	0.00691969985
102	0.006898893343
103	0.006884564072
104	0.006870242884
105	0.006846494929
106	0.006826599496
107	0.006811510041
108	0.006789516157
109	0.006772753771
110	0.006761867081
111	0.006748796874
112	0.006732323235
113	0.006715847462
114	0.006695560523
115	0.006673013736
116	0.006660420057
117	0.006638970894
118	0.006620391677
119	0.006594526499
120	0.006568431012
121	0.006554243878
122	0.006532914713
123	0.006507309774
124	0.006494369743
125	0.00647266334
126	0.006454962733
127	0.006428268687
128	0.006404849013
129	0.00637885181
130	0.006357136868
131	0.006347262378
132	0.00632906172
133	0.006305248797
134	0.006287083062
135	0.006271234149
136	0.006243429526
137	0.006215880752
138	0.00619453538
139	0.006168195334
140	0.006140189892
141	0.006115537991
142	0.006094903414
143	0.006074560455
144	0.006066574814
145	0.00605247805
146	0.006038573066
147	0.006016624174
148	0.006003077833
149	0.005989403982
150	0.005975764307
151	0.005955625976
152	0.005933897859
153	0.005910602578
154	0.005886694087
155	0.005863615063
156	0.005848798592
157	0.005829700617
158	0.00581550314
159	0.005787036055
160	0.00577185333
161	0.005753798454
162	0.005739556658
163	0.005724715148
164	0.005709118625
165	0.005694102376
166	0.005684026175
167	0.005664077163
168	0.005652377674
169	0.005638027756
170	0.00562797496
171	0.005614346378
172	0.00558133225
173	0.005567469588
174	0.005546409155
175	0.005520447554
176	0.005500580911
177	0.005486442368
178	0.005471303307
179	0.005462577629
180	0.00544490165
181	0.005429712465
182	0.005414240198
183	0.005396151661
184	0.005383335237
185	0.005361922321
186	0.005349210297
187	0.005340392294
188	0.005334246725
189	0.005316578126
190	0.005303126471
191	0.005290688945
192	0.005276426107
193	0.005268046049
194	0.005247780522
195	0.005231440629
196	0.005219913104
197	0.005209293224
198	0.005200682826
199	0.005190171437
200	0.005175801325
201	0.005166854548
202	0.005154537723
203	0.005142277684
204	0.005126950043
205	0.005116993001
206	0.005105254175
207	0.005087241886
208	0.00508277904
209	0.005071727628
210	0.005067822835
211	0.00505498205
212	0.00503934428
213	0.005032869389
214	0.005015331827
215	0.004995289368
216	0.004989245423
217	0.004974156807
218	0.004959338219
219	0.004951027023
220	0.0049392994
221	0.00492910277
222	0.004920306651
223	0.004909271476
224	0.004902146641
225	0.004889544887
226	0.004883622231
227	0.004877338842
228	0.004858324224
229	0.004845520561
230	0.004834994583
231	0.004822000971
232	0.004811402088
233	0.0047975795
234	0.004776560585
235	0.004770234122
236	0.004762954715
237	0.00475601507
238	0.00474283498
239	0.004729357992
240	0.004712080759
241	0.004705162918
242	0.004695453328
243	0.004687970527
244	0.004683205243
245	0.004666169343
246	0.00465430742
247	0.004642132254
248	0.004632554125
249	0.004618497949
250	0.004611354168
251	0.004601244615
252	0.004594917116
253	0.004586652429
254	0.004581428874
255	0.004569572694
256	0.00456456589
257	0.00455505895
258	0.004549315637
259	0.00453846557
260	0.004529522512
261	0.004519730332
262	0.004505187106
263	0.004491868978
264	0.004481657482
265	0.004476602766
266	0.004463557712
267	0.004457914083
268	0.004449269214
269	0.004443041384
270	0.004434329627
271	0.004425374657
272	0.004412572604
273	0.004399293212
274	0.004388467608
275	0.004380989885
276	0.00437587134
277	0.004368620423
278	0.004362410057
279	0.004359595702
280	0.004349685614
281	0.004342877904
282	0.004336155266
283	0.004327746446
284	0.004322939581
285	0.004317465187
286	0.004308496871
287	0.004303284373
288	0.004290071972
289	0.004287853732
290	0.004275053791
291	0.004266316016
292	0.004258525012
293	0.004248122673
294	0.004240148529
295	0.00422940884
296	0.004222216068
297	0.004213817127
298	0.004208377558
299	0.004199792803
300	0.004190877568
301	0.004185469465
302	0.004173652921
303	0.004164237825
304	0.004157150596
305	0.00415365456
306	0.004151655038
307	0.004149239857
308	0.004133738637
309	0.00412726735
310	0.004120531032
311	0.004117307596
312	0.004108242909
313	0.004096614858
314	0.004087380413
315	0.004083896118
316	0.004077231995
317	0.004070735945
318	0.004065425146
319	0.004056933222
320	0.004045988798
321	0.004036096907
322	0.004027754811
323	0.004024824446
324	0.004015395275
325	0.004008479401
326	0.003999198379
327	0.00399408057
328	0.003990132602
329	0.003982427871
330	0.003979295899
331	0.003972475616
332	0.003969667325
333	0.003960215851
334	0.003953627596
335	0.003942253104
336	0.00393745535
337	0.003931094317
338	0.003923487189
339	0.003899588242
340	0.00389424008
341	0.003887279949
342	0.003883860239
343	0.00387549802
344	0.003869602995
345	0.003859773338
346	0.003856322304
347	0.003846354768
348	0.003836949084
349	0.003832620929
350	0.003830899607
351	0.003823634015
352	0.003817620972
353	0.003808710261
354	0.003802371947
355	0.003796202245
356	0.00379237349
357	0.003787958275
358	0.003780809839
359	0.00377401648
360	0.003771327305
361	0.003765049603
362	0.0037582105
363	0.003754028786
364	0.003749756808
365	0.003745499384
366	0.003738860107
367	0.003730523437
368	0.003720980734
369	0.003711684204
370	0.003701073985
371	0.003697762776
372	0.003685682556
373	0.003682344475
374	0.003681048695
375	0.003678351397
376	0.00366656605
377	0.003663462917
378	0.003657086179
379	0.003652384883
380	0.003645865703
381	0.003640048435
382	0.003633069529
383	0.003624866312
384	0.003618086142
385	0.003607439982
386	0.003603957138
387	0.003594789083
388	0.003587400676
389	0.003585638768
390	0.00357901667
391	0.003567489318
392	0.00356279623
393	0.003557196208
394	0.00355445876
395	0.003545592576
396	0.003543176188
397	0.003532996509
398	0.003526293057
399	0.003523143526
400	0.003518836237
401	0.003515230331
402	0.003512426191
403	0.003508000233
404	0.003500763927
405	0.003493138662
406	0.00348952213
407	0.003482040561
408	0.003477697814
409	0.003467993556
410	0.003464732949
411	0.003458725641
412	0.003455355926
413	0.003449908068
414	0.003440160175
415	0.003434982602
416	0.003427245918
417	0.003422344396
418	0.00341688941
419	0.00341315789
420	0.003411179885
421	0.003405016744
422	0.00340099792
423	0.003389870603
424	0.003386984441
425	0.003382434643
426	0.003379302978
427	0.00337367751
428	0.00337109984
429	0.003365885853
430	0.003358283199
431	0.003351850165
432	0.003343492155
433	0.003335630398
434	0.003332321458
435	0.003327967973
436	0.003321115744
437	0.003317206188
438	0.003314817089
439	0.003306997221
440	0.00330179974
441	0.003296734762
442	0.003287745146
443	0.00328110316
444	0.003276365455
445	0.003271084273
446	0.003265055467
447	0.003259383647
448	0.003252546518
449	0.003248796926
